Ticker,total_return,cagr,annualized_volatility,max_drawdown,correlation_with_spy
AAPL,10.216478,0.245900,0.288458,-0.385159,0.747801
AMZN,13.963050,0.278988,0.329283,-0.561453,0.639651
GOOGL,10.910675,0.252723,0.288416,-0.443200,0.707922
JNJ,1.689215,0.094142,0.182001,-0.273663,0.480178
JPM,5.896694,0.191992,0.271490,-0.436265,0.720649
MSFT,11.133439,0.254836,0.268881,-0.371485,0.785870
SPY,2.997428,0.134308,0.177925,-0.337173,1.000000
WMT,3.798177,0.153302,0.215112,-0.364352,0.430464
XOM,1.077804,0.068774,0.274172,-0.613425,0.537744
